X1,X2,Y
1.4276024582644131,0.913593708477086,1.9419922437268835
1.4250632756534192,0.9944333773829692,1.9621467511365007
1.4424843025238117,0.8912321477756244,1.9501138793724808
1.1035839425988063,0.8339476133645614,0.4642687534536578
1.0982850597337614,0.8083139056662146,0.4559389622505732
1.2055919000612467,0.9062905737846804,0.546190771985016
1.1564937552963148,0.6191717365627372,0.4597705576697862
0.7477236073271746,1.0568607371176504,0.6577169230084555
0.6796391373563666,1.2327503442503955,0.6148836051273436
1.1489264198739146,0.669360927939571,0.4640403524342434
0.6187302643867298,1.0615235734356605,0.5381360859088576
0.5779070514581519,0.9147481514265486,0.4829531876399302
0.6430980212733514,0.8809128734603159,0.5397056851632603
1.3847609846172153,0.9821346569411076,1.919777225868844
1.2164246972395998,0.7697094121794781,0.5280219434666231
1.4025610868536316,0.9269184483172941,1.9215297867269523
1.2733135191029368,0.8475189881992795,0.5806866889075145
1.4216834015739692,0.9068420320301436,1.9343865706630328
1.3999702636472091,0.950764212912234,1.9256957665264551
1.1356936528605073,0.7270260552242855,0.4659009495991664
1.4388578682056603,0.8463399818446624,1.9340565834583376
1.1779282288957842,0.7517431529191266,0.4988442608015005
0.7415244428034607,0.9651874557370214,0.6412223693099105
1.1510304194577718,0.8101242844366707,0.4916688251966315
1.4445831152930892,0.9561177070205159,1.9702868221361591
1.2540044875182743,0.750231790826999,0.5496107379699188
1.419482491063862,0.9736401300581502,1.9509410338843889
1.1290482124783128,0.7411991133578221,0.4640814707236991
1.1448015356511456,0.6688912081730924,0.4611850284928918
0.5922699118541087,1.051257283736612,0.5122939720024936
1.4300266835178204,0.9031807071061222,1.941421881029088
1.5051282996718898,0.9422690697945968,2.024897787046003
1.4803606229099098,0.9086907491928861,1.9915830186084345
1.4182589636526255,1.0115837274179054,1.9603702904192069
0.6348836879073249,1.1809472070232283,0.5671461357766201
1.1482662122684235,0.8163685477833216,0.4909769848571317
1.395982406884665,0.8482441340992067,1.8931734044288424
0.7397266059494939,1.302620852837189,0.6790121963131837
1.4066764730034327,0.9786061602057812,1.93995979736582
1.3488011335973482,0.8622801308451206,1.8515237470815533
1.3876153683334436,0.8700392345497281,1.8911863520315984
1.420776696324732,0.838020376452841,1.9142643978170728
0.7287275404107032,1.2091195891828306,0.6578339037732194
1.4252331776659122,0.9150070438219746,1.9400988764286835
1.2333622168524794,0.7413855067724943,0.5341119706066964
0.6027952664393039,1.0706688018404498,0.5243660485555519
1.1550569649883076,0.7943184910067564,0.4914269072592466
1.2353736059028924,0.7395089080294692,0.5351121238926527
1.0986274565515064,0.8888564915126284,0.4711694800029598
1.1700669415332647,0.6689884162786384,0.4781564839809715
1.1207724334313025,0.7716898189998644,0.4642071205562924
1.4161106306633942,0.937497309139144,1.937576444805512
1.412337264034013,0.9246559022897852,1.930340382581867
1.0476682902380134,0.7686561892609833,0.4145884755112261
1.3294556441348042,0.9117260540210594,1.8466647239393783
1.153575698625154,0.7781882985263203,0.4874287719501976
1.5088753230484908,0.8900143760137856,2.01390393587564
1.142041018475483,0.7300744452501794,0.4707278497608143
1.216028753545876,0.6578334909493575,0.5069197745761173
1.3657981460651034,0.9499403811460528,1.8924567143683164
1.1382033224753203,0.6869007529968852,0.4601117713646982
1.137959663671796,0.7637158863798185,0.4742548151154037
1.4740907013589877,0.8606399076983464,1.9720888977384268
0.5205341329995345,0.8941076397571052,0.42711017428967946
1.0940549008822813,0.8710271811698284,0.4647806027624185
1.4229836631428319,0.9086769690961024,1.936155712175006
1.1088091906654038,0.8354430718946073,0.4680534731520378
1.1864403039874547,0.7562971533577224,0.5054041181021288
0.5770300359224483,0.9910452361229222,0.4910596842716001
1.1020151802558238,0.7368663958001866,0.4451350711788814
1.3583658614073948,0.926864457324758,1.8788241723736847
1.4897715189873135,0.8541101497053037,1.9854097511220232
1.4450151229096877,0.912054688772185,1.9583816663446287
1.1044689499266678,0.6838403645654796,0.4369056692831743
1.4976462694459338,0.9752156327887928,2.0268841763675685
1.5193705757461122,0.8918789729966405,2.0245633022210834
1.253190456598385,0.8794853640124848,0.5731375262330689
1.0145672501066645,0.7773462888368645,0.3939958320675848
0.6675528562168591,1.2141235247316993,0.6014496755278501
1.4110247959387938,0.9109152202467168,1.925229945912376
1.423775110516304,0.9201055088126258,1.9401162644906509
1.4360298476335671,0.9253131362554212,1.9534101063417024
1.4248045855027447,0.9899877234246424,1.960653618060369
1.4069616321069844,0.9492201567432962,1.9320172972049239
0.8407764747998798,1.0505849181714328,0.7436392353557658
1.3508834851702656,0.8961733289474663,1.863013612240305
1.3281262526885598,0.9201470202060192,1.847735561637719
0.6258088421714922,1.0770353054942747,0.5465422272393929
1.118386207502146,0.7295213930153459,0.4547522209289168
1.2173651450030845,0.8396839355428611,0.5416854961455561
0.7628358407857674,1.2286838575393069,0.6918856684911531
0.6358977645158924,1.0740454089856275,0.5555879445501873
0.7021830564819908,0.809024845337376,0.5863215687163413
1.4330968343416033,0.8231374400491467,1.922002981983528
1.111900392101276,0.7595646406450972,0.455995617595045
0.6466096625904083,0.8165884041985783,0.535452948172273
1.3337412981717631,0.9049956878943516,1.8489222824873843
1.1352065503530069,0.7529595294812622,0.4704041147172655
1.4629316779938606,0.961251271932755,1.989446301787966
1.170943154079792,0.809144540984875,0.5048480041078253
1.4245557433806415,1.017623188865446,1.9681416515541672
1.372615995525268,0.9836421968738388,1.9084673273529111
1.0396298711247312,0.8684216230596622,0.4277755644252441
1.151065160187187,0.7792046642632985,0.4859334689271769
1.414947070682238,0.9071996957531632,1.9279796134269525
0.5431021615862215,0.9346484943517798,0.45286824948966
1.159037360803456,0.8022955425765078,0.495583491424928
1.030938472005848,0.7899100990940986,0.4073210570052691
1.4980260770701512,0.9466436791586572,2.019260755558385
1.485465442241367,0.9858779247456708,2.0180998344869345
1.1605729419835558,0.7538588232817488,0.4875927182614485
1.142396597214392,0.8110489853002516,0.4860476626311789
1.3703775737246569,0.988997866887084,1.9078028581503288
1.2136134956976674,0.7583190865928309,0.5240141908849612
1.1071159422247672,0.6845180497387463,0.43880804513717386
1.4714953626027951,1.0017156412419663,2.0090344933553994
0.7485989945825691,1.1018986734608047,0.6637994874911722
0.5966948398609195,1.0486455506894354,0.5161092729135949
1.0620022077815676,0.8111207880653503,0.4321155619280885
1.3510057834292817,0.956110587417476,1.8798935163175041
1.3939184677159344,0.9074729826300992,1.9077433950956617
1.424757145966291,0.9447003136386763,1.9479429312643528
1.4545960580234418,0.9722281372440084,1.984464221889288
0.6004055048331933,1.0752509058375537,0.5226764562004208
1.4680605982646715,0.838329411857851,1.960024853348572
1.505176001876667,0.9110863905008962,2.0162234648056483
1.4773914925332678,0.9017137051532876,1.98676381081002
1.1110171447978463,0.8037741965565848,0.4636368196693698
1.397925724774017,0.8810077499394481,1.9042130759455531
1.4631057843779782,0.8855078205848792,1.968432425694532
1.4427746359015885,0.907459886821028,1.9549325004087847
1.4220297077186774,0.9035887771816156,1.9338112963251683
0.6753643774647858,1.1277756802446903,0.5986255243130592
1.235337443322107,0.902354451810662,0.5654172532056196
1.12720566640298,0.7376680810346198,0.4621874610661275
1.0814533878409716,0.8416211442300485,0.4508480878489769
1.144458580886468,0.8300295405307768,0.4909663350851548
1.4360532184460617,0.8193660317192801,1.9238040162221333
0.654637820088682,1.1916812645799235,0.5867977308037746
1.4351783757573755,0.9206329461895492,1.9512787846574755
1.4275179412551453,0.9022327064932674,1.9387334402777368
1.2244660363788602,0.7927274803489929,0.5377047980078438
1.4218911935974392,0.9451720066081478,1.9453064670799185
1.2218531692630688,0.6395915876313744,0.5074305296090507
1.4134554104948762,0.9329718596270876,1.9337460608578383
1.1962983950521573,0.811562732363735,0.5223120146359986
1.1194686644164509,0.7818673194579709,0.4652278006782202
1.03709614742962,0.8096340725092542,0.4151264402906099
0.6732883795894017,1.0292472817881482,0.5851689742486776
1.2021479873644347,0.7349281978545561,0.5119642466200189
1.1308220477287547,0.6735454257021255,0.4526714775273553
1.3877802609936594,0.9460438984006528,1.9126007347572136
1.4262763771166098,0.9152954196196964,1.9411872039920688
1.4539887039829005,0.990575817474861,1.989008571678299
1.1713544135607774,0.812275709423339,0.5057071323289685
1.3600792510154218,0.9010236898622284,1.873252719811861
1.1638276196060615,0.8178683205339534,0.5016981787258812
1.4243716283891736,0.9016784439640718,1.935539247145745
1.0597849080522914,0.8506628600741238,0.4379922988815497
1.4423564980236458,0.8808742329880335,1.9470937808490683
1.1700768613665955,0.8899590087406098,0.5193181156043578
1.0338236208395886,0.7664464195819709,0.4048869963374648
1.174272761930056,0.6678906793431166,0.4807741837857098
1.4468448131162532,0.9175531426959079,1.9616867328609864
0.5964108933505654,1.0800480678081574,0.5195174852559358
1.3754288884488537,0.9788246575029892,1.9098371997891537
1.1064791406809138,0.909442699334146,0.4802721488420722
1.480329052227341,0.919023919876762,1.9944422483595563
1.4769519591778189,0.8819337310418935,1.9808076683647635
1.2800075509096556,0.7530972454327921,0.5675927452588607
0.7107113119611093,0.9885375976251544,0.6152582581787842
1.2731073166533942,0.8071255334567673,0.5730251897570537
1.4256482230713603,0.9472582171630392,1.9495190011447727
1.4189034388880468,0.9201980597085052,1.935436340473096
1.1096461897622705,0.9015550759783104,0.4809282304217376
1.4515653144127154,0.882207104233171,1.9563618101405813
1.4369803819226872,0.92654553714653,1.9546729252884216
1.1033149116463692,0.7642188637820824,0.4511015029365017
1.4130750244513806,0.8953573438830881,1.9228595285378047
1.1779588574937925,0.9282672463196526,0.531741788189509
0.6194406111304929,1.0067166053102523,0.5323877257738323
1.1341211904398356,0.7516866155586258,0.4694387512729137
1.2403892382182882,0.7159000358148411,0.534080598242155
1.4234730959269457,0.9212836741141652,1.940154012684191
0.6875649298882701,1.2858126585500511,0.6284704014165724
1.1790421296558078,0.7613893353079263,0.5013882664824804
1.1357645375135952,0.7618971762864695,0.4724431343804588
1.3446098171900094,0.9477329320122548,1.871372457420708
0.6716456304316889,0.9490427999715226,0.5742589403417633
1.4429268994218043,0.9343980131668604,1.9626129685984264
1.1216173519265742,0.6654455826755841,0.4449864641226881
1.2747494242990625,0.8439498697181695,0.5809854608332425
1.422012452650666,0.8421293526610983,1.9166071773000903
1.4198893805147466,0.8803586811915097,1.9252474220353453
0.8082170488135058,1.2404315813130111,0.7355212528760597
1.478331273686204,0.9768035093474486,2.0086708541688667
1.0776396946760396,0.7492359089411488,0.4310826433311412
0.5799521800341971,1.0354395422610605,0.4989730339631729
1.4864034490348783,0.8928809295546353,1.9929988060540784
1.403302610692974,0.9401856508258322,1.9259563069735053
1.1011122625284966,0.7907286804962941,0.4545608600908284
0.6113238398182295,0.9382159083654824,0.516817503139423
1.054444235561852,0.8485739564319624,0.4340196011808085
1.1418063975703876,0.7541453407671939,0.4750535340993142
0.6547878299054073,1.1041962726770138,0.5767057368291407
1.1800472942293343,0.8214085021858409,0.5132410956016344
1.13330641417578,0.689639593536592,0.4573359939933029
1.3925867919940156,0.8413202828974895,1.8879571082445408
1.2174948263330003,0.8276540749544435,0.5395319955542947
1.165026585399428,0.7609426848725771,0.4919005030926731
1.272951095931645,0.7388125810333664,0.5601973231920773
1.117626949754386,0.7263204070090981,0.4536465789716274
1.2897381738134068,0.8245693920074523,0.587433524043808
1.1875141334609929,0.8491028864426863,0.5234094017069878
1.1599405339893816,0.7730138758069712,0.4907359253000207
1.0568525987995128,0.8852420880897545,0.44246494520654
1.397614039228759,0.9244158241956512,1.91605129868274
0.7893628870074769,1.0770199234732272,0.6988515555814008
1.18348908931705,0.8173962687124086,0.5148033119951922
1.1237728863252967,0.7228775606269691,0.457129348791476
1.1774637184301964,0.7310146992973979,0.4946719697616695
0.5810357911972943,0.9626915212588129,0.4914740073737233
1.1740321279088737,0.7880957911183379,0.5030004840679493
0.6405835979214468,1.031829820065123,0.5550143991187042
1.365042643346286,0.9974334487010604,1.9050086203955907
1.1382531944562384,0.7875362040389737,0.4788882255238248
1.4555510141871295,0.9705220562260154,1.984909550232676
1.1816043536423846,0.7788236099337568,0.5063546162225451
0.5755616314739626,0.8441446168677978,0.4725116515443442
1.1928553844601977,0.7849664853110793,0.5150482636015596
0.8262684123157824,0.9273826864240328,0.7157195213018718
1.4401158039902842,0.9204175753459116,1.9559878792272165
1.2088655049623906,0.8677073865002886,0.5412014156367221
1.0795705890943508,0.7591403775217727,0.43422296514793
1.4020541132537636,0.9342090232752746,1.9230789216478887
1.1164962598611439,0.7809911066730734,0.4630700947549122
1.0601415928561526,0.728078846327318,0.4154008079785356
0.4934136662628119,0.8175070124108655,0.3928952782571029
0.8410502560020053,0.9241649611103452,0.7291089170274119
1.1625384495380742,0.8073569459631953,0.4988754265902373
1.1088811002217789,0.7972895236157816,0.46099576455238
0.7873407292980219,0.8789284904641237,0.6738008811592389
1.1686735924365534,0.8183849410815404,0.5050460957441518
1.4217264822820364,0.8102363794124872,1.907411905557839
1.43022059049719,0.8962051734144512,1.9396584413800202
1.3997118349793518,0.9177730254536096,1.916219977393604
1.1158696847915477,0.789988082089621,0.4643253105480782
1.4190190737506845,0.8841934026109701,1.9254791465310253
1.138885304067456,0.7837671497713534,0.4786104049110082
1.4005849351188304,0.9396103035475332,1.923170260905798
1.1583626204757886,0.8095231800595873,0.4964768550234767
1.4601165436474202,0.8654114849609051,1.959924913317934
1.4747073302434486,0.8755214701225883,1.9768462395592767
0.7253386283471109,1.2348405927151476,0.6576861159948241
1.1369611963762285,0.8602060319619474,0.4915557745067701
1.2192824693320374,0.6822036701506351,0.5136419097188671
1.419433647843999,0.9015254078195568,1.930726592115628
0.5385897575496993,0.8932039603269429,0.4438189431160743
1.4317635159280524,0.8285477758425428,1.9222280877860272
1.3726894488862278,0.9104299366326192,1.8880640860696207
1.2223443297537726,0.8907218626382305,0.5545322107528675
1.4257019309980374,0.9143019809224141,1.9403544956183176
1.1359695449917442,0.7811748121466521,0.476171086637721
1.0933892445496802,0.7843492013890037,0.4481904795282046
1.176797572932057,0.8219905799797602,0.5111689086094388
0.7056289407031452,0.8796260918764737,0.5977876541153413
1.2535291096253798,0.7536822797723991,0.5499343955587326
1.3413049682017644,0.8822097507122818,1.8498562258573896
1.1321454715574906,0.9051477904975486,0.4966946132542089
1.1445619917657648,0.7445266407355297,0.4751111183765821
1.1137560168683895,0.7496064516436528,0.4553860844052151
1.1480539708741122,0.7654369136706209,0.4813487356387964
1.1758111523478736,0.7846029246640379,0.5035436942486747
1.1639662743807682,0.7926788969053168,0.4970997782893377
1.3987097611645851,0.9687091854559792,1.9294965862226687
1.4588342467666937,0.8521379415573876,1.9549742584053489
1.0170261756069294,0.756872060681842,0.391832545623749
1.4330843138946,0.9296102348805078,1.9517665651043925
1.3809894951794488,0.9459025403214424,1.906001641865828
1.4184091685439302,0.8287922353787018,1.9093967787874329
1.1593844036759269,0.7785135489315412,0.4913870503298934
1.377938810741501,0.8351453091222543,1.872080981285308
1.3608619390137229,0.8651020851178293,1.8639630939485787
1.2532166477217432,0.7498779332723542,0.5490161845579961
1.1773677964568388,0.8529526315256941,0.5173181048923742
1.4547729914606986,0.9678447559513552,1.9834092956515208
0.7034876977414386,1.1791337648909077,0.6308221281189634
1.4352114958667337,0.8703096730999972,1.9372376090326584
1.1561434989114718,0.7756305284292941,0.48867541727185
1.1924905956387817,0.7824892614547825,0.5143421124958011
1.4502930520259918,0.9906783858045716,1.985467428948345
1.425145362314261,0.9163411983832324,1.9403871542593727
1.4161573354039725,0.9169986462867579,1.9318890004737181
1.1990948774120065,0.9157428075454046,0.5435916464552641
0.6090572739483233,1.0593721027549123,0.5288764069812655
1.4223124022759723,0.9146331791473776,1.9371729911324038
0.6511700262945642,0.9392797314106688,0.5540490290165556
0.5283563914240653,0.8493000510254148,0.42915430802530735
1.0799520457247236,0.8633401393801023,0.4538857560898959
0.7074888459337453,0.8610578724621378,0.5973480854157884
1.441993485122292,0.9110039060798002,1.95516904901649
1.1593701090107649,0.8189569155343169,0.4989098895207458
1.4101455844717965,0.8254078886927028,1.9004680936916285
1.163586165394873,0.7811579760032128,0.4946989912594708
1.0637494583790958,0.8390048401870576,0.4384812893680146
1.1900909148370302,0.839511339403251,0.5233520578645154
1.4855846433038749,0.8389631731791418,1.977129493850432
1.4296128266994446,0.8742726520647749,1.9329378250548488
0.5945278511292412,0.9220873166811792,0.4992897943493096
1.128138567907988,0.7195041463717775,0.4594304804317392
1.4440366633482549,0.9850509423517052,1.977850306674097
1.171084407535693,0.8107146161743354,0.5052352074870787
1.4057106181099068,0.9322760125841412,1.9260703572767723
0.8365980650205871,1.0892246291045111,0.7442671113572956
1.1668749274736514,0.7454280570191042,0.4902512164582561
1.047916456920229,0.8596800556565264,0.4317078645328815
1.4024180621585345,1.0109582771022605,1.9448938118765888
0.7260664896001077,1.3076950205675688,0.6668845367061745
1.1646243248339707,0.7089248362901179,0.481942445504277
1.4285248948951337,0.901674692094588,1.9395500586157857
1.4074116409702375,0.9327385329446952,1.9278428118521045
1.4212063505847266,0.9022589265220436,1.9326440722065787
0.6242258835967265,1.0973425998668722,0.5474430961415062
1.2976320578655314,0.7466617957119966,0.5782203939414124
1.219761314456261,0.7173775398836562,0.5205142260779939
1.0548971989312477,0.7260632538254727,0.4115063681346043
1.424857824990974,0.9143472604576944,1.9395517914555016
1.4206911181488044,0.9345777483157516,1.9411845103939045
1.4141810858322177,0.9671816595118063,1.944013979741176
1.3947878791892234,0.9059409044734886,1.9081547520949824
1.2865736564689916,0.7401981802481012,0.5695962662294256
1.2250605701437725,0.6621440772593078,0.5137830488446682
1.3986469797414047,0.9257519274470714,1.917422719088092
1.4598160501879511,0.8400937295681199,1.9525544072200745
1.3405400498965878,0.8824447422566237,1.8491830672630347
1.416749554482236,0.9085226912680888,1.930090710916894
0.7035852776583795,1.2893735744928774,0.6438059519001921
1.1513922868173467,0.7665476869468687,0.4837956579642716
1.1624140027845165,0.7639507212234431,0.4907076688261807
1.4151025104213997,0.8827391651202267,1.921289244834896
1.2719582479570422,0.8461160507938107,0.5795159958068214
1.4315637475988754,0.9257070864530286,1.949206233367026
1.2083998544878631,0.6722114285650346,0.5044785427371871
0.5925016213692755,0.8586032129236847,0.4899781505731461
1.082121635909872,0.7553950027358275,0.43523718162899255
1.1037691405564956,0.7918118871927248,0.4565453962927522
1.4516680620456388,0.9101119059676686,1.964264784163516
1.4514384769005502,0.8978059193144309,1.9606015817624631
1.1210921238968654,0.7972443767006173,0.4691810803320256
0.7553908064662482,1.0167385658883887,0.660164633263899
1.4086872585772685,0.9076631128466082,1.9220625254816104
1.047274834831603,0.7847985422336156,0.4173309178099887
1.2288425343531,0.6600512766462346,0.5159310097088718
1.147101211980492,0.7353935871521831,0.4751139633545472
0.6490944793228933,1.012445490888432,0.560673162806325
1.427379200100776,0.9984013796549496,1.965493498273228
0.6441746957345892,1.0642524416635326,0.5621505851787071
1.4564136424323193,0.8908542776723142,1.9634632952214583
1.4321615507312522,0.9075922556135426,1.944717775406008
1.178914985219343,0.6547739234667163,0.481446215584073
1.4255191225777737,0.9141711178810746,1.9401413147180897
1.3900562316235532,0.9133013091815044,1.9056425783149007
1.1694602947782795,0.9069918123724195,0.5220766911947564
1.4504904415745106,0.824600655634152,1.939213586929727
0.5425632528104077,0.9188132101869712,0.4505143912147835
0.5895912261284223,1.057550836115371,0.5105354767368645
1.1902233225297558,0.7904444926417049,0.514302381691485
0.7236636821385389,1.1279885711872435,0.6436295704190128
1.1310802497404664,0.7551393575451787,0.4680413090841832
1.3862840064206328,0.8588143323620339,1.8867612158936704
1.3297922329241358,0.9296061954557346,1.8519901285566944
1.4287799070764464,0.9202024548369736,1.944977774761031
1.2476611876293957,0.7125494387159543,0.5383361155165484
1.210984391373268,0.8083519898173253,0.5315684821106339
1.2395718748758484,0.6991820128642385,0.5304184674801214
1.1690020780935249,0.7871121372009483,0.4994420661936834
1.1148418563836655,0.7871210669865426,0.4631016557523722
0.5697617975210899,1.0200343715508045,0.4876814601458155
1.1740889073191532,0.8804335829636946,0.5202361641070026
1.4945653554833125,0.8731301793169676,1.9953594237520345
1.4309811502116947,0.9010280293845702,1.9417418434496505
0.7213450429106679,1.052817495922418,0.6326787834325639
1.4122474294636158,0.9637853061568484,1.94119635027156
1.2825775736081602,0.839868795675672,0.5854781453452773
0.723045853056708,0.9727676537105518,0.6249005538905065
1.1838836918825648,0.7539387831258479,0.5032493667741285
1.4328611339714377,0.8720344289317589,1.9354496066923712
1.4224168103495876,0.9145805446855088,1.9372591249316715
1.0726053241541769,0.7925322073205707,0.4357683075163785
1.4900280212775543,0.9572285238484134,2.0144951161978253
1.4824091411280726,0.8898133796010667,1.988282635422731
1.4255224522438923,0.9191150988898288,1.9415271413214927
1.203309065459042,0.7175808321544532,0.5095124578789335
1.151731334590468,0.7747910844836728,0.4855584655947137
1.3787346057163563,0.8395792694882322,1.874089662262384
0.6207172292284525,1.0234596726230565,0.5355347508553189
1.1546304459944865,0.7793964493996763,0.4883615321742048
1.2135091949013506,0.6424324652863301,0.5023607390063611
0.7068666783206637,1.277262835414612,0.6454453892913943
0.8627862605676047,1.0021352709132831,0.7584696752197594
1.4169189602147367,0.9717597342131292,1.9479389206950264
1.2065961789094723,0.9087522538117692,0.5473231325856491
1.4715966801504576,0.961936227351236,1.9980078389601403
1.49028509607214,0.9174610570195676,2.0036222570584266
0.7376722400754762,1.0629899592582206,0.649073334896115
1.4290983846149887,0.897238635623111,1.9388634562617653
1.231517234873817,0.7833977190656066,0.5406985913662125
1.2761534547623712,0.7496670828037517,0.5643677511418694
1.4314446571919524,0.9275850979074874,1.9496163934025048
1.1474226217916352,0.7904793881479657,0.4855891643076677
1.141255751943331,0.785994730481019,0.4806158790234494
1.0453579867494331,0.6739955621736069,0.3954080376343975
1.4249959519813868,0.9144554231467952,1.9397154639166416
1.459359818349819,1.0063134573050756,1.9985979300905248
1.4205647245442952,0.9581805995560756,1.947663081635216
1.4715293428009797,0.9012430595012154,1.980969630509097
0.8338128405936003,0.9925601159439252,0.7303680761439674
1.4233838829119472,0.954570203352266,1.949376590134739
1.1292805792671765,0.6726337616648127,0.4514673419777638
1.4266804305404497,0.9094521001940046,1.939943385631366
1.1633618982361924,0.6519694637098556,0.4704876115139625
1.4258960180891336,0.9150060819950164,1.9407388802172758
1.1760702738081543,0.8069396825025906,0.5078777079796686
1.1208880930087948,0.7599987368773508,0.462107307489472
1.136196770677269,0.7112205790852885,0.4632948340157709
1.1618336836970904,0.7732834452230171,0.4920564548275607
0.5263996905315845,0.7884720147381789,0.42021805048220906
0.7150558834653971,0.9956193520480284,0.6201324154486559
1.3304666073126958,0.9017056145773266,1.8448389983522482
0.6395110363960498,0.8047228253778798,0.5274545676321262
1.0589790663517031,0.8223352038413647,0.43217564696441785
1.4249247214153338,0.9157971607000068,1.9400218824961644
1.0527530584851637,0.6752855051177471,0.4006104551068295
1.1575519017149871,0.8306306779820295,0.4998640495865165
1.419374498485985,0.9130383625577034,1.9338891149776805
0.8365724770218443,1.0468509237150276,0.7392875214460776
1.4401024471620352,0.8704136165406517,1.94199110697964
1.1883699984463043,0.9046666279538068,0.5343322423515685
1.4425738210169263,0.8564623756312083,1.940476800316574
1.3952947283186614,0.9183935307231548,1.9121267870388328
1.1123964230641787,0.6713140052880439,0.4398920972258731
1.1449079272091678,0.7782285602969079,0.4816201055469608
0.7219033908969171,0.7995524107230437,0.6035784656199839
1.1775193836828066,0.7743011254928093,0.5027712623747945
0.5669393162412509,0.9787582650915121,0.4802256072672309
1.3953841577164243,0.9596529043573914,1.923751572568481
1.2496411880231462,0.7546054204581004,0.5474974912390054
1.038496176124546,0.7610864855393783,0.4070240612916147
1.4035633367951106,0.9097836407758476,1.9177060740909395
1.0830562026069943,0.8378370649730821,0.4512188221680761
1.4267163881745335,0.9107400110502206,1.940338290067192
1.4225274464122937,0.905882654306313,1.9349335833717225
1.4041055452053086,0.9104804410001348,1.9184246858402643
1.0976321311239845,0.8427050282240504,0.4619060627951288
1.422162628556845,0.9773223228526672,1.954559665621244
1.110192845517833,0.8309651728535128,0.4681479274529518
1.4360973669975248,0.8421808121819996,1.9302269350500505
1.4185440186144052,0.9279287567704234,1.937251087450548
1.4779309647648209,0.9937385528933532,2.0130201485531467
1.2362488491767591,0.8433656498082459,0.5550423645701208
1.15193063005972,0.7745998318846071,0.4856565748266504
1.3806774201046457,0.8760283191923965,1.8861594983917842
1.3871983707211797,0.8766517789429099,1.8926327847226985
1.1283604986063256,0.8518390097124706,0.4842262889146449
0.6089173187786302,1.0234617545991145,0.5245462250734781
1.360089060295136,0.8610468541759088,1.8620824626766632
1.2931001247681997,0.7912440071920287,0.5834826955520497
1.108463209060062,0.7884069248976912,0.4590610032729764
0.8492389378813789,0.9928219729693324,0.7447643886078984
1.1996341695861923,0.8095800513624564,0.5241810869552043
1.2349868709988248,0.7447695561876903,0.5358323974714925
0.7197341943946156,1.1877843888497857,0.646963541810364
0.7263651829954405,0.9363302740575148,0.6237302230648171
1.154359508422406,0.7637073182647512,0.4852576861896881
1.1897831893056945,0.6696807605439261,0.4915152384693634
1.0574775095965754,0.8357367634959343,0.4336640788389362
1.4241439519072858,0.9130345270344892,1.9384951107210249
0.5967745072742103,1.0395655285968255,0.5151215218691446
1.3937903440815191,0.9279875185054554,1.9133566315680919
1.247086220045292,0.7150982231961344,0.5384250081817953
1.2442276981717333,0.6758458403464452,0.5291962955595325
1.1606078373173223,0.7669774950655126,0.4900594386657025
1.0514178273609125,0.7295693109316919,0.409824664007854
1.1866934031542131,0.7518850819186333,0.5047522179011515
1.3962392584525654,0.8707292378976177,1.8997095885833144
1.512343888510756,0.8665434651066591,2.010690643744472
1.1464089918599405,0.6536301170675722,0.4594213252349073
1.4506884835861762,0.965246544363434,1.9787372490241897
1.3681394377770084,0.9216039941502931,1.886793872663537
0.6354375948275649,1.0637303876910549,0.553953027803849
0.6621052822653906,1.0116118031726815,0.5726920834046424
1.459155911091123,0.8945064536953458,1.967133548403116
1.5104825358925935,0.8679770459368841,2.0092935728152757
1.1918767868028404,0.9047641851385678,0.5367035035831905
1.241130877701721,0.6841531625698438,0.5286655055097563
1.4931682002347928,0.8928994414390565,1.9995384154631344
1.4639226718522442,0.8729048069410884,1.965697001614448
0.6704226077077422,0.8831943781364223,0.5654187744019765
0.6081269572044754,1.0794143186473288,0.5303540523627399
1.0968815368486622,0.6552233246750011,0.4264846155878227
1.460092965480876,0.8538947130249149,1.9566814120467504
1.4178838892967935,0.9839805749343294,1.9522886193513729
1.2208175624426676,0.6837223251066796,0.5149548172093288
1.4654017912821091,0.8577473097773529,1.9628868877948609
1.383435050288651,1.0027018132184855,1.9242481489477856
1.0614990358098253,0.7132650991882891,0.4135526594182711
1.4455817713424162,0.9443731404336154,1.9679670472127568
1.0746002834728008,0.8865634042809953,0.4546199170771891
1.1522796706587528,0.7538356578444294,0.4820235322363515
1.0556510145033855,0.688528262860805,0.4050214296500804
1.4226870716868836,0.9908927952374016,1.9588613070979657
1.1597172507148985,0.7324624870043545,0.4830335500892225
1.3731757567482492,0.9944025948494992,1.9120172323575468
1.3469085696894625,0.8904464342305283,1.8575724740278456
1.5034877630018515,0.9566028446806542,2.0273216211113585
1.4140632836463316,0.8935712076593774,1.9233146381883384
1.096440021279269,0.818948625090147,0.4566816003160047
0.7749998947291787,1.098623394206652,0.6880024994968089
1.154019056422796,0.7728103549499064,0.4867246470751515
0.5903563729899128,1.060674481968512,0.5116133482928672
0.6151301425204402,0.9018937927580613,0.5161141504913743
1.1560254165299848,0.7749064913277564,0.4884613334654974
1.3967854677228675,0.8282231218148829,1.888350142116716
1.5034138903680716,0.8765133447781045,2.004852813569024
0.7013201644007092,1.1811186837612273,0.6290357374061808
1.3781647652198787,0.8230700622802649,1.868922336402752
1.2441750101925777,0.7993946057957151,0.5521714530247505
1.5143055402656191,0.8726318708044482,2.014288162046544
1.162635744888253,0.8406369630479539,0.505138995851573
1.417687714947702,0.903187925218149,1.9295050345416824
1.4073639773200468,0.8236917621601396,1.8973012677969627
1.1474677612590036,0.6372436278286474,0.4570798460650444
1.3983231167768804,0.9735760471132394,1.9304841493433629
1.3938152143977007,0.8146162302703103,1.8816757778646984
0.6945671099726621,1.2115780912487175,0.6263092365690167
1.2090538167142806,0.8735819751342548,0.5424218957163837
1.4369472585510639,0.9232377628023684,1.9537158931652367
1.4044834392076364,0.9392587207760978,1.9268377110846981
1.37994155836278,0.9006474775990615,1.892333567636488
0.6207845622067476,1.0089185490470904,0.5338968173347723
0.7923899840901516,1.090261124632233,0.7032191733076871
0.6261134287464095,1.0761043684259084,0.5467169996196279
0.7413797724479181,1.1563481829317035,0.6634445946793536
0.6946679954225781,1.0371514690948245,0.6060033513245235
1.1948409685904509,0.7522708304146798,0.5102911635415565
1.4141221964851811,0.8292338896697082,1.905379275739008
1.1923224492870412,0.7883072896687652,0.5153128712964918
1.4579176188966334,1.0027730237463066,1.9962147321699413
1.1620957810789379,0.9291648857640206,0.5212646805924664
1.4183707136909465,0.9145195498783028,1.933333727760196
0.6006532243719753,0.9766238203328892,0.5113723463828443
1.0353141824016872,0.8375065853678664,0.4191218780950315
0.7200570828322299,1.1492364968387905,0.6427559165737833
1.0543856091645725,0.8262068150874521,0.4298144629096448
1.121517062455412,0.7951429274105457,0.4690748311906605
1.4561249094941544,0.8543325280226126,1.9529708932915089
1.1487238274414813,0.7993844760842628,0.4881208273560465
0.7751660443254771,1.2252424832550262,0.7029657964281169
1.242832916678135,0.7954889480801222,0.5505434796273243
1.062697941518062,0.8733966837123788,0.4441810673168581
1.4493304923117856,0.8704899339461901,1.950926308459692
1.1027237993337051,0.6718303758319427,0.4334978379810713
1.0326147399543932,0.7485863735548555,0.4007494555450952
1.1279805451905291,0.8598007330024583,0.4854541784373189
1.0554089708057601,0.8483438370074425,0.4346240896780295
1.15249506370947,0.8603300821657243,0.5020022653863178
1.4134423102474378,0.91578046263538,1.928925742011102
1.1588749526722726,0.7719540171728646,0.4898235142784121
1.39566801157542,0.8563865480339901,1.8951467822004664
1.1617105802094854,0.7766663615379577,0.4926039070575088
1.3516152092373108,0.8932262123742769,1.8628962467228118
1.3980245224339882,0.9250791800151172,1.9166333171568184
1.414178050049928,0.909286219817294,1.9278202829880169
1.2168104342491477,0.8300565165671447,0.5395202074081852
1.4622665547001397,0.8964499640534588,1.9706817971703443
1.2136184838891646,0.6546781264970247,0.5047147832599659
1.0866330013463248,0.7360510335202296,0.4346616104344781
1.0594232579164131,0.7040746823571452,0.4104481088399224
1.1503228009372155,0.7103803290085334,0.4726170540905275
1.4336354759922116,0.846160045301978,1.928961677254708
0.6656130863954606,1.018870491277077,0.57680768682214
1.1459188474518858,0.7300762576519678,0.4733302509975311
1.224327534898997,0.7926870763691107,0.5376043369750559
0.6783120420013066,0.9500217040754384,0.5805815805592242
1.3965051728251048,0.9192944924444222,1.913547978360694
0.638669292828687,0.8532799708038119,0.5323496235554275
1.1601881530638372,0.7762468915860676,0.4915042178014473
1.4060558010706687,0.8488328562119678,1.9030684701123173
1.0766341233195271,0.6721322398945363,0.4160476143893835
1.4195633408699757,0.9307076283362444,1.9390128310084265
1.2569856620227955,0.7425220082150382,0.5501752179667977
0.7950801375800606,1.0080703878435997,0.6961118928593163
0.7720949064417194,1.1820373932699235,0.6950527781977534
1.1564604667847649,0.7772633326610878,0.4891922099153567
1.1954755928343817,0.7396334027866774,0.5083633277431661
1.1755218392680742,0.7867016520153248,0.5037404425493863
1.4130047041128757,0.9241952266059152,1.930856268023244
1.1753634243382534,0.7488200320286172,0.4965788294804877
1.4371090294343918,0.9207964982553474,1.9531894437777841
1.1222721098465147,0.8260705475968282,0.4753416334988839
1.3491109898317617,0.9023036752008524,1.863015848439596
1.075518909567015,0.8889217166238338,0.4556755519285298
1.4880280100212644,0.8371124589300001,1.978972109553754
1.4586262430892207,0.9935850314399856,1.9943297595214688
1.4599918886527186,0.9121904629519524,1.9728864897627842
1.087980760211978,0.8277978326984146,0.4526534808999424
1.166101308684807,0.8889853369993077,0.5164691354478896
1.1568300552141386,0.7955411045627612,0.4928443766537056
0.6057834324122076,1.0173097779108038,0.5209082698018186
1.2085318063000268,0.8805887974423103,0.5433766166502146
1.0739738956241445,0.8947851826298022,0.4557308808415578
1.1663082345621734,0.8878537853139443,0.5163972374521801
1.461303539795169,0.8905711532208489,1.9681075295465047
1.3349630742829883,0.9062270949939796,1.8504468303968424
0.646583615412693,0.8545804244808602,0.5398719981695446
0.5986800488048882,1.0320104419398692,0.5160124787973097
1.4536221776074862,0.9621903651068714,1.9807163832799581
1.4500225420729735,0.9946442278511842,1.9863151976125881
1.232897501235842,0.8155136369048268,0.547606238273089
0.8433281900063162,1.1136595513740104,0.7533923529371047
1.055824896684152,0.6669568131233072,0.4011205017494908
0.8049803141984113,1.158224630122665,0.7228926099764774
1.0307137654326035,0.7053177172204761,0.3914152507408729
1.1409678189578298,0.7578335080612802,0.4751777469521719
1.1722151005634462,0.6964772443235536,0.4847176161022673
1.4947978855551118,0.9689326197727391,2.022375693440118
1.398069766298546,0.8250922675859316,1.888715154462432
0.5757787201638099,1.0238546964011217,0.4937315727673111
1.4578411999926704,0.9192472925434946,1.9727825048870125
0.8205759747079651,1.2103322252374853,0.7435103796309565
1.1243323922138238,0.7266504952353802,0.4582074785309488
1.4569555281342392,0.8996056069597503,1.966434086681464
1.4253336312601381,0.9065955647151208,1.9378435955009088
1.1524239677843506,0.7748838206079633,0.4860405014594342
1.4670552733451725,0.8756589704870571,1.9694931640972089
1.2079346360848957,0.8362312089295479,0.5347144684445766
1.3467016157369922,0.9241177905198524,1.8667889381632712
1.396592008611392,0.9158733453591013,1.9126751158756428
1.4338801239804235,0.9151412964350838,1.9484889655669653
1.1585555576514397,0.7849012496084715,0.492020572200154
1.155293482157755,0.6695021368625672,0.468339017278386
1.1905854199491712,0.7763989302384926,0.5119294175321789
1.1532598842959056,0.7253175213978017,0.47736986582452295
1.39346439438795,0.9307135071388212,1.913804116511952
1.4256608346774169,0.967315513789742,1.9551403118988229
1.3911617517560595,0.9741744142678292,1.9237339430493376
1.4266686068693577,0.935632345810964,1.9472534079547221
1.3922842447756307,0.9430107356807336,1.9161031319872217
1.4346507444376924,0.921714483581656,1.9510715751652967
1.1480181028458494,0.7288784147549799,0.474515779342868
1.1415452103309551,0.82482404935229,0.4880419291159163
1.4281127330676766,0.9319399260455165,1.9476157615326872
1.426255934261153,0.9137281852580216,1.9407291718169428
1.1442914151183154,0.814555006651346,0.4879720890275707
0.7450598294895798,1.0883757084556456,0.6589220486555538
0.7083509773250212,1.2373997657527327,0.6421655228817079
1.1548783570797716,0.7751870950779712,0.4877439060479132
1.2387288522653221,0.6685461796502151,0.5241469771526637
1.3868508065657894,0.839083817943519,1.881790976086852
1.4531416922654516,0.9057125825883706,1.9644579479277984
1.4306433546031014,0.9108734563845308,1.9441688741934824
1.1103675590054831,0.7518135203427758,0.4535234524217805
1.0240309738982605,0.7510874042490278,0.39545546694490696
1.4241374555178152,0.9380916879315244,1.9454962023975508
1.4089248491500286,0.9018522515954108,1.9206669889114047
1.429015248590365,0.9130243654725156,1.9431977131698417
1.1825582105947023,0.8794029198818816,0.5257271976486378
1.1943326098619205,0.7555947326193599,0.5105691143221377
1.468983010365522,0.9857316835969088,2.0021376810414933
1.0811988487314816,0.6684104328251291,0.4184174196106103
0.5851617399764135,1.0591240320638122,0.5065944702758098
1.4018297741956467,0.8381549195394248,1.89600018513454
1.293049720064084,0.7982887848111601,0.5847609378752604
0.8413371360403317,1.064098677344086,0.7457418399069442
1.4189970986388891,0.9175617609862636,1.9347895565920783
1.3562490027550418,0.9273235029945656,1.876907760710848
0.5843848813784094,1.0105234900593072,0.5001870016130142
1.3875032933547038,0.9678745262857348,1.918438246955675
1.0626436993769357,0.8589837722436333,0.44146031753298975
1.411716950051782,0.9463696587285554,1.935813554597184
1.5220347356279107,0.8987412029626833,2.02905581446163
1.4248431208142036,0.8860526414012149,1.9316248488177643
1.1221363236411317,0.8149794166093607,0.4731848364230702
1.2064348088285686,0.7309572546077256,0.5141011746802595
1.3912776229363826,0.8801679665249802,1.8975564714462947
1.2066592377459031,0.8246847220255802,0.5317081713466089
1.4231868077634566,0.9158589812744994,1.9383604278473177
1.0768445607015589,0.8825005213014899,0.4553691532112722
1.5022629230599114,0.9194741681910562,2.0157552534252225
1.5125729875933445,0.9089168500696356,2.022761882770116
1.086510146865546,0.7542714366303406,0.4379726581142626
1.3637824526884472,0.8914567452808415,1.8741543925975936
1.1370303448827142,0.906211293498314,0.5001704877932005
1.3833499054209255,0.8868535799764191,1.891768335031564
1.2566791563471338,0.7101362183738924,0.5439378129919447
1.344237103513476,0.8767674857050269,1.851166573038104
1.471596582503205,0.905937172200964,1.9823473142233603
1.073905348621904,0.731181983694828,0.42521437976856985
0.5400896728250477,0.9265462403565632,0.4491152546822213
1.3692530512153482,0.9495953755330132,1.8956975081096588
1.2274340373801849,0.7493275237784573,0.5316132723610526
1.4538295199557631,0.9480882205917484,1.9769729273535408
1.42428228171473,0.9280407036966628,1.9428252870879923
0.6618284718800235,1.150892636017571,0.588723707556244
0.6090217682438804,1.0201811128338762,0.5242598114130735
1.1950984257303825,0.7624569898419181,0.5123610553964678
1.4078646845678755,0.9024553199984536,1.919811570887635
1.4551354784237711,0.8338880161798348,1.9462977339649925
0.5769617256252537,1.0396925089740694,0.4966855473915624
1.059086399109902,0.744529322844542,0.4177566038483633
0.7396944746113797,1.2062817973915132,0.6677150664714312
1.4422532623832738,0.822036689649484,1.9305398314903504
1.144768553713052,0.7930688076836958,0.48429052699148295
1.3885624741618026,0.8647981082099474,1.8906355032951323
0.6486134263865204,0.9831453523434452,0.5567984189881418
0.7003514639497669,0.8087914170550732,0.5845885819370515
1.1525362144974234,0.7791504875958601,0.4869104715015826
1.3874830763792525,0.9083486359523728,1.901771989875701
0.6686575917743683,1.0585873959735848,0.5842879471876794
0.7804086316632042,0.9815641526830275,0.6793489235208269
1.3810661020192625,0.9329114595536712,1.902442616391215
1.0926135464917937,0.7402385265763078,0.4394545240637537
1.4201089829193243,0.901475765601734,1.9313650514248464
1.3673053066179452,0.913596783203492,1.8837488824043491
0.5564097787623362,0.951684345307582,0.4672534892686479
1.4648343812692244,0.991494240380692,1.9997418291862143
1.18992495020948,0.8414090350770046,0.5235941328386644
1.1775136658980363,0.8454950908603408,0.5160270447757057
1.4453335775056082,0.935104666708704,1.9651353261604616
1.047070809880848,0.7502884883523192,0.4107666419597616
1.1351288651767757,0.7665188148304829,0.4728773551115452
1.1623946672629408,0.7102918330070086,0.4807009202266597
1.1738689276313103,0.7545356733203868,0.4966405241661605
0.8048080126505227,1.16090044949897,0.7230450995892146
0.6787580058237211,1.0697127856129145,0.5949952009360113
1.1901865136359004,0.8126359395566264,0.518410759433653
1.4819362552773794,0.8649606384904935,1.9808756500490583
1.4341435220084833,0.8116229346608851,1.9197939411751783
1.216388877024878,0.9180060267507412,0.5556176169559096
1.098350260172422,0.8173860439484251,0.4576723654364666
1.199336936951948,0.6913981065133922,0.5019706800759035
1.4204038540010022,0.9541271434020672,1.9463741178926424
1.370417384933995,0.8984159873779926,1.8825096147068083
0.7147643376748095,0.9645127195258296,0.6162228756867507
1.2244961174280578,0.8575667365089509,0.5498010601453923
0.6723890293896441,0.8409540795702982,0.5623098632573917
1.3643199249712061,0.9434410552769964,1.8892112514289368
1.3786990218049884,0.9660843028261168,1.9094330880569057
1.1571413449544357,0.9120058588340648,0.5147443954503961
1.1730359529953591,0.6672887472689859,0.4798321644160698
1.4030800118444922,0.9294269135299664,1.9227325494310965
0.7496037257561432,0.9097509727793986,0.6422627710585552
1.425519932413458,0.9165799611217226,1.940815742667864
1.461842799427869,0.9173779057376412,1.9761250784522224
1.443191855262662,0.944741727137744,1.9657615775528767
1.1604628024972063,0.9102400069039188,0.5166442445510689
1.1241299875372548,0.8881006926376455,0.4881411794370305
1.4346971842092815,0.8253719298234504,1.924173731738311
1.1201906383114664,0.8143545810230991,0.4717628879033607
1.4243595560510864,0.9209289365260256,1.9409110873654307
1.115063622583397,0.6537505362268996,0.4384106831963853
0.7195512756786888,1.337488536536216,0.6643016484453089
1.4798320157101867,0.9398273938354058,1.999779935340661
1.4497550937257369,0.9537725256856796,1.974626868490952
1.2514625377637332,0.8288719780402075,0.5625515142134206
1.3875687710996811,0.8624950248890214,1.889031563362919
1.1358282169388991,0.6384668636092855,0.4494974136915091
1.4129870975894183,0.9683697039239818,1.9431928859549783
1.3930590483039926,0.9838867366823868,1.928282744616331
1.2337976608225667,0.8261428725999864,0.5501899115280091
1.1279806992756924,0.819456227398023,0.4779402632739503
1.1939761629888297,0.7725942322339171,0.5134960302011206
1.4257495867370569,0.8888308453917849,1.9332773917590849
0.5773953983377415,0.879011462449163,0.4782971688617447
1.4955484312457177,0.8801761490481377,1.9982794713505485
0.7018393746143452,0.9072727843321586,0.5974919701998582
1.132623586961073,0.8622753508789172,0.4890305965337165
1.19623130801846,0.8129686181302451,0.5225288396866088
1.4587535998708292,0.9927173312917792,1.9942101232889184
1.3968788326390291,0.8530636423371033,1.895387110511354
1.1184467016161743,0.8229203426360816,0.4721880303786244
1.3779177013322326,0.8759736291967408,1.883478445114485
1.1472631153900572,0.7953347575382561,0.4863864288735673
1.1445019902333946,0.8218253097268553,0.4894674548333877
0.6107595574311652,0.7499735029952411,0.4942763678424711
0.6010906359766969,0.8084658884247999,0.4921130004535905
1.2470357741677391,0.7978499961877288,0.5538033775211643
1.4138701712619666,0.8926951045925571,1.9228830938476995
0.714422440936972,0.9274825630175374,0.6115736682266049
0.8124782667060052,1.0085632763511168,0.7123716971135405
1.1437825846431915,0.7799850124326325,0.4811921218202975
1.1825631641744658,0.6903176115587631,0.4905140653300004
1.4576971218318562,0.8960170801095328,1.9661468810055431
1.4210445211991796,0.8926500850053349,1.9298005895207802
0.8332801981326954,1.2160075593653472,0.7560050494565731
1.2072296774224125,0.7716104625267616,0.5222060530441173
1.4664334928148646,0.8306345675627718,1.9563012420843944
0.6068041982667803,0.7508021524030739,0.4906898188046522
1.3966900053622904,0.9936517176840908,1.934520907196788
1.1501574533536107,0.6969192908165711,0.4699990343583526
1.4035939667062525,0.9232674309183234,1.9215064740077423
0.616177673623997,0.9881875344499584,0.5271820437693957
